"SC_ID","value"
1,1.01
2,-0.008
3,-0.214
4,3
5,-0.478
6,1.5
7,-0.034
8,-0.067
9,0.695
10,-0.024
11,-0.285
12,-0.199
13,0.682
14,-0.043
15,-0.15
16,-0.441
17,0.413
18,-0.069
19,-0.164
20,0.427
21,0.018
22,-0.122
23,-0.308
24,0
25,-0.037
26,-0.247
27,1
28,0.762
29,-0.1
30,0.831
31,-0.063
32,-0.221
33,0.177
34,0.566
35,-0.186
36,-0.247
37,1.143
38,-0.041
39,-0.338
40,0.126
41,0.561
42,0.053
43,-0.221
44,-0.01
45,0.867
46,-0.358
47,0.556
48,-0.066
49,-0.2
50,-0.484
51,0.429
52,-0.088
53,0.095
54,-0.219
55,0.847
56,-0.165
57,-0.158
58,-0.546
59,0.76
60,0.043
61,-0.149
62,-0.079
63,0
64,-0.252
65,-0.329
66,1.74
67,0.184
68,-0.028
69,0.651
70,-0.154
71,-0.341
72,-0.205
73,0.824
74,-0.004
75,-0.214
76,-0.365
77,0.517
78,-0.283
79,-0.176
80,-0.281
81,1.369
82,-0.26
83,-0.235
84,-0.268
85,0.418
86,-0.238
87,-0.473
88,1.441
89,0.202
90,1.4
91,0.813
92,-0.195
93,-0.346
94,0.153
95,0.927
96,-0.113
97,-0.279
98,-0.322
99,0.397
100,-0.197
101,-0.281
102,0.099
103,0
104,-0.207
105,0.065
106,-0.093
107,1.475
108,-0.282
109,-0.427
110,0.283
111,-0.179
112,-0.151
113,1.625
114,0.424
115,-0.177
116,-0.206
117,0.311
118,-0.16
119,-0.191
120,-0.431
121,1.866
122,-0.096
123,-0.312
124,-0.395
125,0
126,-0.278
127,-0.173
128,-0.16
129,0.25
130,-0.213
131,-0.243
132,0.157
133,0.523
134,-0.162
135,0.03
136,5
137,-0.162
138,-0.248
139,0.232
140,0.388
141,-0.194
142,0.525
143,0.386
144,-0.113
145,0.042
146,-0.535
147,1.079
148,-0.156
149,0.172
150,0.152
151,1.012
152,-0.268
153,-0.56
154,0.394
155,-0.18
156,0.079
157,-0.041
158,0.385
159,1
160,0.521
161,-0.322
162,0.434
163,0.356
164,0.166
165,-0.552
166,1.2
167,0.029
168,-0.256
169,-0.235
170,0.293
171,-0.17
172,-0.194
173,-0.247
174,0.957
175,-0.182
176,-0.373
177,0.341
178,0.25
179,0.271
180,-0.132
181,-0.297
182,1.5
183,-0.182
184,-0.37
185,0.371
186,0.82
187,-0.214
188,-0.152
189,0.451
190,-0.212
191,0.677
192,-0.152
193,0.318
194,-0.277
195,-0.457
196,0.477
197,-0.225
198,-0.339
199,0.438
200,-0.254
201,-0.24
202,8
203,-0.195
204,-0.208
205,-0.498
206,0.39
207,-0.149
208,-0.102
209,-0.202
210,1
211,-0.178
212,0.486
213,-0.26
214,-0.172
215,-0.26
216,0.571
217,0.115
218,0.686
219,0.31
220,-0.204
221,0.433
222,3.5
223,-0.276
224,-0.291
225,-0.503
226,0.509
227,-0.131
228,-0.174
229,0.059
230,0.42
231,-0.106
232,-0.191
233,0.082
234,0.455
235,0.08
236,-0.337
237,0.568
238,-0.237
239,-0.427
240,1
241,-0.195
242,-0.323
243,0.6
244,-0.185
245,-0.2
246,-0.246
247,0
248,0.116
249,-0.263
250,-0.281
251,0.514
252,-0.292
253,-0.171
254,0.441
255,-0.26
256,0.397
257,-0.284
258,1
259,-0.222
260,-0.115
261,0.47
262,0.288
263,-0.021
264,0.5
265,0.397
266,0.674
267,0.64
268,-0.223
269,-0.187
270,-0.462
271,0.623
272,0.152
273,1.067
274,0.292
275,0.265
276,-0.485
277,0
278,-0.226
279,-0.261
280,-0.337
281,0.936
282,-0.251
283,-0.182
284,0.564
285,0.059
286,-0.294
287,-0.299
288,1.047
289,-0.115
290,0.318
291,1
292,-0.211
293,-0.274
294,-0.236
295,0.77
296,-0.147
297,-0.347
298,0.49
299,-0.226
300,-0.151
301,0.604
302,-0.25
303,-0.089
304,-0.217
305,0.638
306,-0.221
307,-0.142
308,0.227
309,1.167
310,0.047
311,-0.382
312,-0.338
313,1.224
314,-0.247
315,-0.346
316,2
317,0.622
318,-0.302
319,0.308
320,0.9
321,-0.214
322,0.115
323,0.162
324,1
325,-0.244
326,-0.369
327,0.396
328,0.52
329,-0.237
330,-0.219
331,-0.333
332,0.97
333,-0.255
334,0.037
335,0.94
336,1.763
337,-0.146
338,-0.319
339,0.842
340,-0.243
341,0.535
342,-0.446
343,0.489
344,0.228
345,-0.282
346,-0.467
347,3
348,1.765
349,0.562
350,-0.228
351,-0.311
352,0.293
353,0.69
354,-0.167
355,-0.201
356,-0.325
357,1.308
358,-0.304
359,-0.454
360,0.708
361,-0.038
362,-0.52
363,0.515
364,-0.167
365,-0.158
366,1.3
367,-0.212
368,-0.145
369,-0.311
370,1.667
371,-0.295
372,-0.327
373,0.124
374,0.6
375,-0.258
376,0.425
377,0.663
378,-0.229
379,-0.22
380,0.013
381,0.377
382,-0.238
383,0.546
384,-0.243
385,0.328
386,-0.072
387,0.759
388,-0.247
389,1.6
390,-0.267
391,-0.229
392,-0.337
393,0.563
394,-0.216
395,0.429
396,0.06
397,1.981
398,0.012
399,0.714
400,-0.236
401,-0.276
402,1
403,0.922
404,0
405,-0.226
406,0.088
407,0.365
408,0.458
409,1.329
410,-0.3
411,0.322
412,0
413,-0.217
414,-0.347
415,-0.478
416,0.889
417,-0.24
418,-0.051
419,0
420,-0.209
421,0.853
422,1.067
423,-0.164
424,1
425,3.188
426,-0.242
427,0.517
428,-0.226
429,0
430,-0.181
431,0.088
432,1
433,-0.218
434,0.44
435,-0.15
436,2.7
437,-0.245
438,-0.173
439,0
440,-0.204
441,-0.263
442,0.915
443,-0.226
444,-0.336
445,0.148
446,0
447,-0.255
448,-0.186
449,-0.298
450,0
451,-0.376
452,-0.477
453,2
454,-0.258
455,0.142
456,1.088
457,0.054
458,0.231
459,0
460,-0.213
461,-0.251
462,-0.294
463,0
464,0.469
465,-0.225
466,0.231
467,-0.366
468,0.007
469,0.927
470,-0.14
471,0.532
472,3.444
473,-0.234
474,-0.375
475,0.341
476,0.526
477,-0.251
478,0
479,-0.214
480,8.5
481,-0.292
482,0.094
483,-0.056
484,0
485,0.559
486,-0.429
487,0.143
488,-0.279
489,-0.507
490,0
491,-0.242
492,-0.331
493,-0.243
494,0
495,-0.292
496,0.067
497,1
498,1.067
499,-0.225
500,1.543
501,0.28
502,0
503,-0.442
504,2.267
505,-0.164
506,0.01
507,1
508,1.759
509,8
510,2
511,-0.237
512,-0.255
513,-0.481
514,1
515,-0.238
516,0.218
517,-0.044
518,2
519,-0.205
520,-0.524
521,0
522,1.438
523,0.953
524,-0.401
525,0
526,1.4
527,-0.3
528,-0.287
529,0.875
530,0.082
531,0.105
532,0
533,-0.294
534,-0.341
535,0
536,-0.255
537,0.362
538,0
539,-0.049
540,0
541,0.435
542,-0.246
543,0
544,-0.263
545,0.175
546,-0.049
547,0
548,-0.193
549,-0.386
550,0
551,0.332
552,0.074
553,0
554,-0.208
555,3.125
556,-0.057
557,0
558,-0.194
559,-0.272
560,-0.594
561,0.838
562,-0.184
563,1.369
564,-0.091
565,-0.508
566,0.753
567,-0.249
568,-0.475
569,1.75
570,-0.217
571,-0.111
572,0.621
573,-0.169
574,-0.165
575,-0.052
576,0
577,0.199
578,0
579,-0.455
580,-0.558
581,0
582,-0.292
583,-0.384
584,-0.205
585,1.045
586,-0.285
587,-0.097
588,-0.325
589,0.928
590,-0.281
591,0.002
592,0.193
593,1
594,-0.285
595,-0.222
596,4.667
597,0.596
598,-0.198
599,-0.142
600,-0.227
601,3
602,-0.016
603,0.131
604,0.301
605,4
606,-0.158
607,-0.058
608,0.394
609,1.581
610,0.673
611,0.936
612,-0.215
613,0.307
614,-0.053
615,0.372
616,0.087
617,-0.233
618,0.442
619,1.667
620,0.354
621,0.939
622,-0.255
623,0.509
624,-0.241
625,0.425
626,0.395
627,0.722
628,-0.297
629,0.4
630,0.215
631,0
632,-0.109
633,-0.219
634,0.429
635,-0.103
636,0
637,-0.232
638,-0.252
639,0.31
640,-0.264
641,-0.164
642,0.217
643,0.823
644,-0.264
645,1
646,-0.519
647,1.639
648,-0.223
649,-0.345
650,-0.056
651,1.285
652,-0.131
653,-0.591
654,0
655,0.364
656,-0.297
657,1.493
658,-0.13
659,0.768
660,-0.256
661,-0.296
662,0.056
663,0
664,-0.166
665,0.407
666,-0.318
667,0.384
668,-0.007
669,-0.281
670,0.629
671,0.612
672,-0.369
673,-0.045
674,0.353
675,-0.169
676,0.023
677,0.143
678,0.476
679,0.175
680,-0.395
681,0.757
682,0
683,-0.293
684,-0.314
685,0
686,-0.225
687,0
688,-0.239
689,1.947
690,0.209
691,0.514
692,0.021
693,0.346
694,0.551
695,-0.299
696,0.368
697,0.514
698,1.5
699,-0.308
700,-0.104
701,-0.194
702,0
703,-0.238
704,-0.465
705,-0.379
706,2.708
707,0
708,-0.258
709,-0.476
710,0.46
711,-0.213
712,-0.028
713,-0.528
714,0.491
715,-0.276
716,0.059
717,0
718,-0.318
719,-0.221
720,0.889
721,-0.572
722,0
723,-0.165
724,-0.418
725,0.487
726,0
727,-0.269
728,0.425
729,-0.327
730,1.064
731,-0.221
732,0.634
733,0.153
734,-0.403
735,-0.526
736,0
737,-0.273
738,-0.455
739,0
740,-0.284
741,-0.045
742,-0.557
743,0
744,-0.21
745,-0.436
746,-0.291
747,0.692
748,-0.421
749,-0.52
750,0.88
751,-0.253
752,0.548
753,-0.129
754,0
755,-0.128
756,0.007
757,-0.31
758,0
759,-0.148
760,0.368
761,1.976
762,-0.222
763,0.672
764,0.325
765,0.286
766,-0.242
767,-0.38
768,0.455
769,-0.281
770,0.087
771,0
772,-0.252
773,-0.343
774,1.421
775,0.321
776,-0.228
777,0.833
778,0.323
779,4
780,-0.274
781,-0.117
782,-0.167
783,0.647
784,-0.039
785,0.528
786,1.078
787,-0.287
788,0.332
789,0.955
790,-0.274
791,0.009
792,-0.067
793,5.167
794,0.024
795,-0.174
796,1.273
797,-0.458
798,0.059
799,1
800,-0.218
801,-0.153
802,0.507
803,-0.214
804,0.9
805,-0.296
806,-0.327
807,-0.002
808,1
809,-0.195
810,-0.482
811,0
812,0.836
813,0.493
814,-0.215
815,-0.31
816,0
817,-0.235
818,-0.229
819,1.872
820,0.135
821,-0.443
822,-0.137
823,1.185
824,0.532
825,0.191
826,0.677
827,1.346
828,-0.279
829,0.562
830,0
831,-0.191
832,5
833,0.468
834,1.197
835,-0.222
836,-0.002
837,-0.396
838,0.86
839,-0.335
840,0.845
841,0.835
842,-0.384
843,0
844,-0.294
845,0.34
846,0.894
847,-0.353
848,0.077
849,0.417
850,-0.17
851,-0.155
852,0.441
853,-0.266
854,-0.482
855,-0.159
856,0
857,-0.306
858,0.059
859,0.606
860,-0.22
861,-0.377
862,-0.177
863,0
864,-0.145
865,-0.141
866,-0.152
867,0.324
868,-0.166
869,-0.084
870,-0.3
871,0
872,-0.286
873,-0.198
874,0.402
875,-0.32
876,0.841
877,-0.381
878,0
879,-0.284
880,-0.009
881,0.758
882,-0.333
883,0.353
884,0.428
885,0.193
886,0.084
887,3.143
888,-0.298
889,-0.365
890,6.5
891,0.875
892,-0.077
893,0.149
894,0
895,-0.275
896,-0.026
897,0.347
898,-0.113
899,0.317
900,-0.133
901,0
902,-0.156
903,-0.134
904,0.371
905,-0.281
906,-0.109
907,-0.388
908,0.473
909,-0.309
910,-0.137
911,-0.4
912,0.375
913,-0.216
914,0
915,-0.358
916,-0.44
917,0.497
918,0.364
919,0.159
920,-0.191
921,-0.426
922,0.681
923,-0.241
924,-0.185
925,1.031
926,0
927,-0.062
928,0.912
929,0
930,0.492
931,0.085
932,0.792
933,0.522
934,-0.269
935,-0.456
936,0.705
937,2.924
938,-0.229
939,-0.488
940,0.081
941,0.915
942,2.8
943,1.03
944,0
945,0.143
946,-0.363
947,-0.361
948,0
949,-0.15
950,0
951,-0.165
952,0.067
953,-0.042
954,1.15
955,-0.295
956,1.417
957,0
958,-0.162
959,-0.343
960,0
961,-0.31
962,0.582
963,0.6
964,-0.193
965,1.025
966,-0.311
967,0.312
968,-0.116
969,0.727
970,0.369
971,0.068
972,0
973,-0.207
974,0.045
975,-0.105
976,1
977,-0.048
978,0
979,0.356
980,-0.466
981,0.036
982,0
983,-0.175
984,-0.419
985,0.33
986,0
987,-0.118
988,-0.055
989,0.875
990,-0.172
991,-0.005
992,0
993,-0.273
994,1.45
995,-0.103
996,0
997,-0.228
998,1
999,0.044
1000,1.75
1001,0.464
1002,0.256
1003,0
1004,-0.307
1005,0.948
1006,0
1007,0.438
1008,1
1009,-0.27
1010,0.017
1011,0
1012,0.167
1013,0.901
1014,0
1015,0.031
1016,0
1017,-0.272
1018,-0.394
1019,0.128
1020,1
1021,-0.298
1022,0.445
1023,0
1024,0.262
1025,0.192
1026,0
1027,0.269
1028,0.144
1029,0
1030,0.922
1031,0
1032,-0.311
1033,-0.446
1034,-0.051
1035,0
1036,0.307
1037,0.074
1038,0
1039,1
1040,0
1041,-0.301
1042,1.455
1043,-0.318
1044,0
1045,-0.288
1046,-0.405
1047,0.05
1048,0.896
1049,-0.183
1050,-0.418
1051,0.258
1052,0
1053,-0.22
1054,0.382
1055,-0.115
1056,0
1057,-0.443
1058,0.021
1059,0
1060,-0.021
1061,-0.404
1062,0.394
1063,0
1064,-0.192
1065,-0.257
1066,-0.359
1067,1
1068,-0.198
1069,-0.422
1070,0.131
1071,0.99
1072,-0.218
1073,-0.201
1074,0.449
1075,0
1076,-0.226
1077,-0.244
1078,-0.232
1079,0
1080,-0.271
1081,0.698
1082,-0.088
1083,1.304
1084,0.787
1085,0.434
1086,-0.024
1087,-0.237
1088,0.009
1089,0.703
1090,-0.241
1091,0.09
1092,0.046
1093,-0.338
1094,0.466
1095,-0.279
1096,-0.135
1097,-0.138
1098,0.286
1099,0.186
1100,-0.073
1101,0.083
1102,-0.247
1103,0.294
1104,-0.08
1105,-0.218
1106,1.833
1107,0.143
1108,-0.166
1109,-0.185
1110,0.576
1111,-0.323
1112,0.093
1113,-0.242
1114,0.112
1115,-0.318
1116,-0.177
1117,-0.429
1118,-0.086
1119,-1
1120,-0.385
1121,-0.335
1122,-0.075
1123,0.06
1124,0.06
1125,0.013
1126,-0.453
1127,-0.214
1128,-0.211
1129,-0.237
1130,-0.313
1131,-0.224
1132,-0.164
1133,0.046
1134,0.397
1135,0.357
1136,-0.285
1137,-0.231
1138,-0.336
1139,0.567
1140,-0.068
1141,0.706
1142,0.392
1143,1
1144,-0.263
1145,-0.168
1146,0.373
1147,0.116
1148,0.103
1149,-0.165
1150,-0.161
1151,-0.291
1152,0.419
1153,-0.259
1154,-0.082
1155,-0.214
1156,0.333
1157,0.083
1158,0.449
1159,0.099
1160,-0.068
1161,-0.241
1162,0.302
1163,0.185
1164,3
1165,-0.148
1166,-0.168
1167,-0.262
1168,0.692
1169,0.159
1170,0.25
1171,0.091
1172,0.052
1173,-0.29
1174,-0.021
1175,0.974
1176,0.108
1177,-0.227
1178,0.311
1179,-0.114
1180,-0.164
1181,-0.338
1182,0.629
1183,-0.201
1184,-0.283
1185,0.113
1186,-0.063
1187,-0.397
1188,-0.304
1189,-0.26
1190,0.345
1191,-0.272
1192,0.388
1193,0.226
1194,0.008
1195,-0.193
1196,0.661
1197,1.4
1198,-0.133
1199,-0.189
1200,-0.217
1201,-0.327
1202,0.616
1203,-0.209
1204,0.269
1205,0.231
1206,-0.076
1207,-0.373
1208,0.146
1209,-0.169
1210,0.112
1211,0.147
1212,0.013
1213,0.125
1214,-0.229
1215,-0.545
1216,-0.298
1217,-0.134
1218,0.263
1219,0.092
1220,-0.25
1221,0.016
1222,0.015
1223,-0.262
1224,0.276
1225,0.652
1226,-0.237
1227,0.327
1228,0.507
1229,-0.257
1230,0.02
1231,0.538
1232,-0.224
1233,-0.552
1234,0.121
1235,0.884
1236,0
1237,-0.076
1238,-0.434
1239,1
1240,-0.209
1241,0.506
1242,0.586
1243,0.287
1244,-0.441
1245,0.042
1246,-0.285
1247,0.034
1248,1.151
1249,-0.304
1250,0.381
1251,0.323
1252,-0.276
1253,-0.383
1254,0.754
1255,-0.209
1256,-0.364
1257,0
1258,1.268
1259,-0.347
1260,-0.17
1261,-0.059
1262,-0.37
1263,0.762
1264,-0.324
1265,0.287
1266,0.143
1267,-0.297
1268,-0.374
1269,1.195
1270,-0.274
1271,0.065
1272,0.323
1273,-0.226
1274,0.215
1275,-0.003
1276,-0.216
1277,-0.492
1278,0.741
1279,-0.114
1280,-0.409
1281,-0.002
1282,0.353
1283,1
1284,0.979
1285,-0.215
1286,0.2
1287,-0.287
1288,-0.266
1289,-0.399
1290,0.005
1291,0.043
1292,4
1293,-0.195
1294,0.37
1295,0.616
1296,-0.258
1297,-0.389
1298,0.531
1299,-0.202
1300,0.02
1301,-0.23
1302,-0.3
1303,0.187
1304,0.002
1305,-0.058
1306,-0.576
1307,0.691
1308,-0.007
1309,-0.383
1310,0.347
1311,-0.086
1312,-0.395
1313,0.325
1314,-0.182
1315,-0.305
1316,0.699
1317,-0.254
1318,-0.07
1319,0.006
1320,-0.424
1321,0.51
1322,-0.415
1323,-0.214
1324,-0.133
1325,0.059
1326,-0.057
1327,-0.202
1328,-0.413
1329,1.727
1330,-0.198
1331,0.518
1332,-0.152
1333,-0.338
1334,0.857
1335,-0.305
1336,-0.281
1337,0.414
1338,-0.235
1339,0.209
1340,0.041
1341,-0.345
1342,0.477
1343,0.529
1344,-0.083
1345,-0.239
1346,0.463
1347,-0.197
1348,1
1349,0.56
1350,-0.244
1351,-0.347
1352,0.446
1353,-0.205
1354,1.417
1355,0.817
1356,0.101
1357,-0.393
1358,0.075
1359,-0.068
1360,-0.402
1361,-0.155
1362,-0.214
1363,-0.388
1364,0.818
1365,-0.334
1366,-0.405
1367,0.43
1368,-0.321
1369,0.055
1370,0.046
1371,-0.259
1372,-0.367
1373,0.385
1374,-0.179
1375,-0.079
1376,-0.106
1377,0.15
1378,-0.102
1379,0.548
1380,-0.205
1381,1.5
1382,0.515
1383,-0.252
1384,0.177
1385,0.716
1386,-0.319
1387,0.069
1388,0.159
1389,0.614
1390,0.778
1391,-0.22
1392,0.053
1393,0.541
1394,-0.187
1395,0.105
1396,0.49
1397,-0.247
1398,0.122
1399,0.314
1400,-0.302
1401,-0.466
1402,1.6
1403,-0.213
1404,-0.223
1405,0.416
1406,0.117
1407,-0.264
1408,0.496
1409,-0.218
1410,-0.024
1411,0.53
1412,-0.187
1413,-0.362
1414,0.481
1415,-0.085
1416,0.357
1417,-0.208
1418,-0.128
1419,0.783
1420,-0.267
1421,-0.487
1422,0.26
1423,-0.243
1424,-0.29
1425,0.656
1426,0.045
1427,1.353
1428,0.738
1429,-0.23
1430,0.581
1431,-0.168
1432,0.084
1433,0.101
1434,-0.272
1435,-0.456
1436,0
1437,0.618
1438,0.065
1439,-0.238
1440,-0.35
1441,0.923
1442,-0.239
1443,-0.086
1444,0.208
1445,-0.203
1446,-0.145
1447,0.822
1448,0.338
1449,0.643
1450,0.123
1451,0.462
1452,0.121
1453,-0.344
1454,3.467
1455,-0.215
1456,0.543
1457,0.114
1458,-0.538
1459,0.356
1460,-0.252
1461,-0.289
1462,1.889
1463,-0.284
1464,0.434
1465,0.25
1466,-0.112
1467,-0.189
1468,0.575
1469,0.018
1470,0.347
1471,-0.175
1472,0.477
1473,0.745
1474,-0.266
1475,-0.376
1476,0.326
1477,-0.046
1478,0.497
1479,-0.209
1480,-0.378
1481,0.494
1482,0.109
1483,0.373
1484,1.362
1485,-0.259
1486,0.488
1487,0.356
1488,4
1489,-0.363
1490,1.121
1491,-0.226
1492,-0.067
1493,0.259
1494,-0.13
1495,-0.143
1496,0.512
1497,-0.239
1498,-0.45
1499,0.478
1500,-0.288
1501,0.147
1502,0.494
1503,-0.158
1504,0.516
1505,-0.266
1506,-0.03
1507,0.404
1508,-0.133
1509,-0.446
1510,0.393
1511,-0.193
1512,-0.308
1513,0.525
1514,3.167
1515,0.274
1516,-0.229
1517,-0.287
1518,0.506
1519,-0.255
1520,-0.193
1521,1.632
1522,-0.219
1523,-0.505
1524,0.588
1525,-0.239
1526,0.077
1527,0
1528,-0.296
1529,-0.447
1530,10
1531,-0.244
1532,-0.272
1533,-0.371
1534,-0.267
1535,-0.254
1536,-0.19
1537,-0.453
1538,0
1539,-0.221
1540,-0.024
1541,1.074
1542,-0.249
1543,-0.018
1544,0
1545,-0.282
1546,1.375
1547,0.052
1548,-0.321
1549,0
1550,-0.221
1551,-0.383
1552,0
1553,-0.202
1554,-0.017
1555,0.725
1556,-0.202
1557,0.194
1558,0.252
1559,-0.272
1560,-0.411
1561,-0.064
1562,-0.237
1563,-0.492
1564,0.329
1565,-0.247
1566,0.508
1567,2.143
1568,-0.348
1569,-0.204
1570,-0.351
1571,-0.329
1572,-0.518
1573,-0.274
1574,0.137
1575,1
1576,-0.256
1577,-0.49
1578,-0.043
1579,-0.239
1580,-0.227
1581,0.441
1582,-0.163
1583,-0.252
1584,-0.333
1585,-0.241
1586,-0.169
1587,0.007
1588,-0.24
1589,1
1590,0.269
1591,-0.244
1592,0.5
1593,0
1594,-0.356
1595,1.625
1596,1.043
1597,-0.26
1598,1
1599,1
1600,-0.272
1601,1
1602,-0.188
1603,-0.243
1604,0.694
1605,0.255
1606,0.273
1607,-0.29
1608,1
1609,-0.034
1610,-0.155
1611,0.362
1612,-0.271
1613,-0.229
1614,-0.174
1615,0.109
1616,-0.258
1617,-0.107
1618,-0.475
1619,0.512
1620,-0.215
1621,-0.181
1622,0.901
1623,-0.335
1624,-0.205
1625,0.272
1626,0.024
1627,-0.159
1628,-0.436
1629,1
1630,-0.188
1631,0
1632,0
1633,-0.181
1634,-0.245
1635,1
1636,-0.251
1637,0.308
1638,0.439
1639,-0.139
1640,0.299
1641,-0.163
1642,-0.223
1643,0
1644,0.118
1645,-0.139
1646,0
1647,-0.213
1648,-0.236
1649,-0.106
1650,0.882
1651,-0.192
1652,-0.12
1653,0
1654,-0.215
1655,-0.166
1656,-0.012
1657,-0.236
1658,-0.196
1659,0.387
1660,-0.23
1661,-0.454
1662,-0.111
1663,-0.177
1664,0.4
1665,-0.349
1666,-0.246
1667,-0.44
1668,1.167
1669,-0.213
1670,-0.11
1671,0.547
1672,-0.2
1673,0
1674,1
1675,-0.19
1676,-0.338
1677,-0.024
1678,-0.215
1679,-0.394
1680,0.174
1681,-0.202
1682,0.24
1683,2.4
1684,-0.273
1685,-0.126
1686,0.727
1687,-0.219
1688,-0.207
1689,1
1690,-0.223
1691,-0.309
1692,-0.084
1693,0.495
1694,3.333
1695,-0.114
1696,0.827
1697,-0.23
1698,-0.055
1699,-0.192
1700,-0.238
1701,-0.304
1702,0.081
1703,-0.119
1704,3.571
1705,-0.17
1706,-0.316
1707,-0.434
1708,-0.259
1709,0.101
1710,0
1711,-0.18
1712,12
1713,-0.25
1714,-0.31
1715,0.432
1716,-0.261
1717,-0.194
1718,-0.069
1719,-0.185
1720,-0.373
1721,-0.545
1722,0.475
1723,-0.002
1724,-0.245
1725,-0.302
1726,0
1727,-0.238
1728,-0.32
1729,0.14
1730,-0.281
1731,-0.326
1732,2.921
1733,-0.193
1734,-0.476
1735,-0.056
1736,-0.257
1737,-0.414
1738,-0.274
1739,-0.296
1740,-0.327
1741,0
1742,-0.257
1743,-0.148
1744,-0.091
1745,-0.203
1746,-0.32
1747,0
1748,-0.216
1749,0.096
1750,0.46
1751,-0.266
1752,0.85
1753,0.855
1754,0.095
1755,-0.248
1756,0.5
1757,0.037
1758,-0.256
1759,0.176
1760,0.388
1761,-0.005
1762,0.971
1763,-0.258
1764,-0.31
1765,4
1766,-0.064
1767,-0.235
1768,0.362
1769,0.493
1770,-0.173
1771,-0.36
1772,0.284
1773,-0.224
1774,0.925
1775,-0.254
1776,-0.275
1777,-0.329
1778,-0.074
1779,-0.232
1780,-0.489
1781,1
1782,-0.185
1783,0.068
1784,0.261
1785,-0.177
1786,-0.3
1787,0.792
1788,-0.226
1789,-0.301
1790,0.32
1791,-0.26
1792,-0.215
1793,0
1794,-0.255
1795,-0.397
1796,0.035
1797,-0.227
1798,1
1799,-0.177
1800,-0.27
1801,7
1802,0.386
1803,-0.323
1804,-0.363
1805,-0.037
1806,0.323
1807,-0.252
1808,1
1809,0.02
1810,0.343
1811,0.231
1812,-0.439
1813,0.086
1814,-0.273
1815,-0.454
1816,-0.025
1817,-0.289
1818,-0.153
1819,-0.267
1820,0.194
1821,2.833
1822,-0.477
1823,-0.291
1824,0.008
1825,-0.296
1826,0.345
1827,0.515
1828,-0.299
1829,0
1830,0.233
1831,-0.337
1832,-0.294
1833,0.916
1834,-0.312
1835,-0.01
1836,-0.249
1837,-0.196
1838,-0.241
1839,-0.309
1840,-0.117
1841,1
1842,-0.406
1843,-0.297
1844,-0.278
1845,0.2
1846,0.071
1847,0.644
1848,-0.281
1849,1
1850,-0.031
1851,0.077
1852,-0.218
1853,-0.3
1854,0.053
1855,-0.141
1856,-0.344
1857,-0.212
1858,-0.357
1859,1.222
1860,0.02
1861,-0.527
1862,0.339
1863,-0.062
1864,-0.077
1865,0.2
1866,-0.121
1867,0.526
1868,-0.291
1869,-0.435
1870,0.186
1871,-0.342
1872,3.2
1873,-0.502
1874,-0.127
1875,-0.137
1876,-0.156
1877,-0.197
1878,-0.2
1879,-0.171
1880,-0.182
1881,-0.078
1882,-0.012
1883,-0.177
1884,-0.324
1885,1
1886,-0.241
1887,0.39
1888,-0.221
1889,0.403
1890,0.576
1891,-0.212
1892,-0.174
1893,-0.221
1894,-0.343
1895,0.655
1896,0.276
1897,-0.34
1898,-0.146
1899,0.505
1900,-0.102
1901,-0.323
1902,0
1903,-0.243
1904,-0.275
1905,-0.35
1906,-0.155
1907,-0.357
1908,1
1909,-0.212
1910,0.299
1911,-0.307
1912,-0.311
1913,0.929
1914,0.314
1915,-0.351
1916,0.302
1917,-0.332
1918,-0.032
1919,-0.329
1920,-0.384
1921,-0.302
1922,0.117
1923,-0.202
1924,-0.302
1925,0.293
1926,3
1927,-0.305
1928,0
1929,-0.022
1930,-0.24
1931,0.718
1932,-0.097
1933,-0.269
1934,-0.167
1935,0.471
1936,-0.314
1937,0
1938,0.765
1939,-0.209
1940,0.991
1941,-0.302
1942,0.124
1943,1
1944,-0.292
1945,-0.489
1946,-0.419
1947,-0.369
1948,-0.116
1949,0.714
1950,0.487
1951,0.186
1952,-0.178
1953,-0.039
1954,-0.438
1955,-0.539
1956,-0.137
1957,-0.213
1958,1
1959,-0.28
1960,-0.034
1961,-0.295
1962,0.387
1963,-0.174
1964,0
1965,-0.138
1966,-0.31
1967,-0.133
1968,-0.269
1969,0
1970,-0.136
1971,0.005
1972,0.265
1973,0.369
1974,0.384
1975,-0.606
1976,0
1977,-0.05
1978,-0.163
1979,0.092
1980,-0.364
1981,0.175
1982,0.138
1983,0
1984,-0.454
1985,0.687
1986,-0.148
1987,0
1988,0
1989,0.09
1990,1.023
1991,0.206
1992,-0.138
1993,0
1994,-0.456
1995,0.159
1996,-0.294
1997,1
1998,-0.251
1999,-0.359
2000,0
2001,-0.009
2002,0.563
2003,-0.072
2004,0.34
2005,-0.117
2006,0.489
2007,-0.16
2008,0.339
2009,-0.001
2010,-0.367
2011,-0.144
2012,-0.362
2013,0
2014,0.614
2015,8.375
2016,-0.436
2017,-0.208
2018,-0.531
2019,-0.083
2020,-0.225
2021,-0.316
2022,-0.074
2023,-0.011
2024,-0.091
2025,0.686
2026,-0.29
2027,-0.343
2028,-0.153
2029,-0.368
2030,-0.373
2031,0.196
2032,1
2033,-0.202
2034,-0.078
2035,1
2036,-0.316
2037,-0.289
2038,-0.207
2039,0
2040,-0.176
2041,-0.486
2042,1.824
2043,-0.022
2044,-0.166
2045,1.527
2046,-0.142
2047,-0.535
2048,0.161
2049,3.5
2050,-0.345
2051,1
2052,0.311
2053,-0.241
2054,0.489
2055,-0.485
2056,-0.521
2057,0.302
2058,-0.497
2059,-0.183
2060,-0.085
2061,-0.494
2062,-0.467
2063,0.495
2064,-0.125
2065,-0.028
2066,2.2
2067,-0.046
2068,-0.153
2069,1
2070,0.023
2071,-0.343
2072,1.296
2073,0
2074,-0.248
2075,0
2076,-0.499
2077,0.549
2078,-0.245
2079,-0.084
2080,-0.19
2081,-0.269
2082,8
2083,-0.327
2084,0.121
2085,4.027
2086,-0.299
2087,-0.236
2088,-0.302
2089,-0.448
2090,-0.115
2091,1.952
2092,-0.186
2093,0
2094,0.617
2095,-0.404
2096,-0.028
2097,0.914
2098,-0.446
2099,-0.521
2100,0.306
2101,-0.151
2102,0.223
2103,0.608
2104,0
2105,0.799
2106,1
2107,0
2108,-0.325
2109,-0.175
2110,0
2111,-0.425
2112,1.289
2113,-0.179
2114,0.198
2115,0.151
2116,-0.031
2117,-0.299
2118,-0.388
2119,0.573
2120,0.167
2121,-0.455
2122,-0.395
2123,-0.163
2124,-0.169
2125,0.486
2126,-0.295
2127,-0.407
2128,-0.257
2129,-0.383
2130,17
2131,-0.261
2132,-0.259
2133,-0.321
2134,1
2135,0.448
2136,-0.107
2137,-0.221
2138,-0.32
2139,0.466
2140,-0.135
2141,-0.124
2142,-0.512
2143,0.106
2144,-0.43
2145,-0.12
2146,0.066
2147,-0.465
2148,-0.167
2149,-0.058
2150,-0.144
2151,-0.11
2152,0.261
2153,0.628
2154,0.128
2155,-0.062
2156,-0.249
2157,-0.076
2158,-0.398
2159,0.272
2160,-0.366
2161,1.385
2162,0.147
2163,0.264
2164,-0.169
2165,-0.399
2166,-0.277
2167,1.372
2168,-0.504
2169,1
2170,-0.146
2171,-0.488
2172,-0.172
2173,-0.51
2174,-0.229
2175,-0.232
2176,0.14
2177,-0.312
2178,-0.447
2179,-0.442
2180,-0.223
2181,0.197
2182,0
2183,-0.38
2184,-0.296
2185,0.166
2186,-0.302
2187,0.328
2188,-0.303
2189,0.137
2190,-0.5
2191,-0.353
2192,-0.153
2193,0.977
2194,-0.36
2195,0.722
2196,-0.132
2197,-0.371
2198,-0.395
2199,1.024
2200,-0.202
2201,-0.013
2202,0.875
2203,0.655
2204,0.465
2205,-0.365
2206,-0.268
2207,-0.071
2208,-0.467
2209,0.137
2210,0.28
2211,-0.457
2212,-0.183
2213,-0.076
2214,-0.35
2215,-0.348
2216,0.172
2217,-0.404
2218,-0.36
2219,0.037
2220,-0.321
2221,-0.114
2222,-0.241
2223,-0.101
2224,-0.265
2225,1.214
2226,-0.262
2227,-0.299
2228,-0.199
2229,0.16
2230,-0.261
2231,-0.293
2232,-0.409
2233,0
2234,-0.541
2235,-0.195
2236,-0.295
2237,2.115
2238,0.527
2239,-0.196
2240,-0.084
2241,-0.199
2242,-0.25
2243,-0.208
2244,0.094
2245,-0.169
2246,-0.457
2247,-0.213
2248,-0.308
2249,32
2250,1.144
2251,-0.504
2252,10
2253,-0.303
2254,-0.409
2255,0.006
2256,-0.177
2257,-0.199
2258,-0.34
2259,1
2260,-0.445
2261,-0.235
2262,-0.128
2263,-0.356
2264,-0.436
2265,-0.359
2266,0.967
2267,-0.225
2268,-0.502
2269,0.719
2270,-0.281
2271,-0.283
2272,-0.01
2273,-0.483
2274,-0.492
2275,-0.32
2276,-0.011
2277,-0.205
2278,-0.477
2279,1
2280,0.198
2281,1.338
2282,-0.308
2283,0.232
2284,-0.366
2285,-0.075
2286,-0.202
2287,-0.395
2288,-0.029
2289,-0.346
2290,-0.049
2291,-0.446
2292,-0.274
2293,-0.168
2294,-0.065
2295,-0.38
2296,-0.313
2297,-0.072
2298,1.221
2299,-0.19
2300,-0.083
2301,-0.322
2302,-0.192
2303,-0.356
2304,-0.317
2305,-0.327
2306,0.785
2307,-0.384
2308,-0.038
2309,-0.349
2310,0.16
2311,-0.242
2312,-0.489
2313,-0.227
2314,0.757
2315,-0.312
2316,-0.127
2317,-0.347
2318,-0.325
2319,-0.393
2320,-0.297
2321,-0.15
2322,-0.245
2323,-0.509
2324,-0.294
2325,0.235
2326,-0.206
2327,-0.316
2328,-0.016
2329,-0.429
2330,-0.407
2331,-0.366
2332,-0.553
2333,-0.239
2334,0.13
2335,-0.263
2336,0.137
2337,-0.235
2338,-0.198
2339,-0.363
2340,0.929
2341,-0.365
2342,0.789
2343,-0.26
2344,-0.171
2345,-0.368
2346,-0.32
2347,-0.357
2348,-0.225
2349,-0.232
2350,-0.491
2351,-0.373
2352,-0.502
2353,-0.318
2354,-0.474
2355,-0.219
2356,-0.494
2357,-0.272
2358,-0.269
2359,-0.264
2360,0.116
2361,-0.254
2362,-0.257
2363,-0.193
2364,-0.312
2365,-0.317
2366,-0.346
2367,-0.321
2368,-0.507
2369,-0.521
2370,-0.434
2371,-0.573
2372,-0.031
2373,-0.49
2374,-0.312
2375,-0.375
2376,-0.021
2377,-0.182
2378,-0.305
2379,0.463
2380,-0.377
2381,0.129
2382,-0.3
2383,-0.295
2384,-0.293
2385,0.139
2386,-0.158
2387,0.1
2388,-0.167
2389,-0.219
2390,0.147
2391,-0.24
2392,-0.366
2393,-0.484
2394,0.164
2395,-0.269
2396,-0.253
2397,-0.404
2398,-0.018
2399,-0.015
2400,-0.284
2401,-0.015
2402,-0.383
2403,0.386
2404,-0.121
2405,-0.02
2406,-0.164
2407,-0.419
2408,-0.373
2409,-0.313
2410,-0.291
2411,-0.103
2412,0.284
2413,0.363
2414,-0.351
2415,0.234
2416,-0.357
2417,-0.328
2418,-0.195
2419,0.121
2420,0.137
2421,-0.272
2422,-0.099
2423,-0.378
2424,-0.12
2425,0.165
2426,-0.206
2427,-0.297
2428,-0.159
2429,-0.409
2430,-0.39
2431,-0.275
2432,0.158
2433,-0.478
2434,-0.412
2435,-0.307
2436,-0.379
2437,-0.403
2438,-0.099
2439,-0.299
2440,-0.252
2441,-0.27
2442,-0.387
2443,-0.351
2444,-0.197
2445,-0.238
2446,-0.379
2447,-0.351
2448,0.136
2449,-0.477
2450,-0.24
2451,-0.182
2452,-0.324
2453,-0.208
2454,-0.334
2455,-0.111
2456,-0.401
2457,-0.229
2458,-0.238
2459,-0.216
2460,-0.035
2461,-0.219
2462,-0.392
2463,1
2464,-0.273
2465,1
2466,-0.16
2467,0.373
2468,0.311
2469,0.144
2470,0.627
2471,-0.363
2472,0.395
2473,-0.297
2474,0.319
2475,-0.077
2476,0.513
2477,-0.262
2478,0.39
2479,-0.399
2480,0.49
2481,0.175
2482,0.386
2483,-0.145
2484,1.286
2485,-0.358
2486,0.608
2487,-0.139
2488,0.662
2489,-0.228
2490,0.621
2491,0.248
2492,0.682
2493,-0.228
2494,1
2495,-0.345
2496,0.518
2497,-0.282
2498,0.619
2499,-0.267
2500,0.648
2501,0.294
2502,0.604
2503,-0.294
2504,0.532
2505,-0.252
2506,0.723
2507,0.268
2508,0.578
2509,-0.308
2510,0.7
2511,-0.32
2512,0.547
2513,-0.5
2514,0.619
2515,0.276
2516,0.412
2517,-0.265
2518,0.646
2519,-0.271
2520,0.721
2521,-0.262
2522,0.664
2523,0.294
2524,-0.232
2525,0.48
2526,-0.046
2527,0.464
2528,-0.053
2529,0.562
2530,0.375
2531,0.474
2532,-0.221
2533,0.433
2534,0.442
2535,0.259
2536,-0.268
2537,0.121
2538,0.28
2539,0.146
2540,0.278
2541,0.106
2542,-0.141
2543,0.102
2544,0.188
2545,0.118
2546,0.247
2547,0.091
2548,0.19
2549,-0.214
2550,0.207
2551,-0.218
2552,0.024
2553,-0.296
2554,-0.155
2555,-0.164
2556,-0.132
2557,-0.162
2558,-0.115
2559,-0.119
2560,-0.043
2561,-0.082
2562,-0.129
2563,-0.162
2564,-0.189
2565,-0.113
2566,-0.248
2567,-0.254
2568,-0.173
2569,-0.284
2570,-0.118
2571,-0.175
2572,-0.168
2573,-0.262
2574,-0.137
2575,-0.278
2576,-0.21
2577,-0.223
2578,-0.243
2579,-0.267
2580,-0.298
2581,-0.276
2582,-0.276
2583,-0.268
2584,-0.293
2585,-0.292
2586,-0.271
2587,-0.348
2588,-0.333
2589,-0.282
2590,-0.347
2591,-0.339
2592,-0.275
2593,-0.304
2594,-0.3
2595,-0.285
2596,-0.311
2597,-0.289
2598,-0.33
2599,-0.211
2600,-0.233
2601,-0.285
2602,-0.232
2603,-0.331
2604,-0.294
2605,-0.147
2606,-0.311
2607,-0.393
2608,-0.401
2609,-0.26
2610,-0.193
2611,-0.164
2612,-0.174
2613,-0.326
2614,-0.194
2615,-0.418
2616,-0.126
2617,-0.176
2618,-0.435
2619,-0.229
2620,-0.441
2621,-0.239
2622,-0.406
2623,-0.129
2624,-0.204
2625,-0.181
2626,-0.218
2627,-0.225
2628,-0.189
2629,-0.197
2630,-0.095
2631,-0.127
2632,-0.168
2633,-0.197
2634,-0.221
2635,-0.194
2636,-0.199
2637,-0.19
2638,-0.23
2639,-0.194
2640,-0.549
2641,-0.13
2642,-0.527
2643,-0.461
2644,-0.508
2645,-0.201
2646,-0.399
2647,-0.471
2648,-0.497
2649,-0.52
2650,-0.528
2651,-0.508
2652,-0.259
2653,-0.24
2654,-0.298
2655,-0.199
2656,-0.159
2657,-0.158
2658,-0.196
2659,-0.215
2660,-0.155
2661,-0.216
2662,-0.207
2663,-0.183
2664,-0.189
2665,-0.182
2666,-0.145
2667,-0.104
2668,-0.297
2669,-0.267
2670,-0.27
2671,-0.334
2672,-0.311
2673,-0.274
2674,-0.275
2675,-0.275
